日期,策略,标的代码,标的名称,方向,信号得分,市场vol20,闸门A,闸门B,TRE状态,熔断,建仓价,建仓数量,建仓金额,仓位占比,ATR20P%,止损价(8%),时间止损日(30),最高价,P12激活,P12止盈线,持仓天数,离场日期,离场价,离场原因,盈亏金额,盈亏比例,备注
# B3个股精选模拟盘台账模板（v1.1, 2026-08-21 修正为B3口径）
# 使用说明：
# 1. 每日盘后运行 scan_b3_daily.py，有建仓/离场时填写一行
# 2. 方向：BUY=建仓 / SELL=离场 / HOLD=持仓监控
# 3. 建仓前置校验（当日建仓权限，与B3回测 run_attack_b.py 逐行一致）：
#    - 熔断：沪深300 T-1跌幅≥2% → 禁建仓
#    - 闸门A：市场vol20 ≥ 10% → 通过（<10%禁建仓）
#    - 闸门B：市场vol20 ≥ 20% 且 TRE∈{S1,S2} → 禁建仓（当日全禁；TRE=S3不受限，正常建仓）
#    - TRE：∈{S1,S2,S3} 非S4
#    - 个股：评分≥70 + 日均成交额≥5000万 + ATR20P≤10%（以scan_b3_daily.py PASS清单为准）
# 4. 离场原因：止损8%/时间止损30日/P12止盈/期末清算/手动
# 5. 止损触发：收盘价 ≤ 建仓价×0.92 → 次日开盘价卖出；时间止损：持仓满30日
# 6. 仓位：5%/笔，最多5笔并发，总仓上限25%（模拟盘虚拟资金建议100万）
# 7. 月度汇总：月化收益/夏普/最大回撤/胜率
# 示例行（数字为占位示意，非真实信号）：
# 2026-09-01,B3,603259,药明康德,BUY,92.3,20.46,通过,通过,S2,无,88.00,568,49984,5.0%,2.10,80.96,30,88.00,否,—,1,—,—,—,—,—,信号日T-1扫描PASS
